{
  "manifest": {
    "publishingInformation": {
      "locales": {
        "de-DE": {
          "summary": "",
          "examplePhrases": [],
          "keywords": [
            "Radio",
            "Online-Radio",
            "Internet-Radio",
            "Web-Radio",
            "Musik"
          ],
          "name": "",
          "description": "",
          "smallIconUri": "",
          "largeIconUri": ""
        }
      },
      "isAvailableWorldwide": false,
      "testingInstructions": "",
      "category": "STREAMING_SERVICE",
      "distributionMode": "PUBLIC",
      "distributionCountries": [
        "DE"
      ]
    },
    "apis": {
      "custom": {
        "endpoint": {
          "uri": ""
        },
        "interfaces": [
          {
            "type": "AUDIO_PLAYER"
          }
        ],
        "regions": {
          "EU": {
            "endpoint": {
              "uri": ""
            }
          },
          "NA": {
            "endpoint": {
              "uri": ""
            }
          },
          "FE": {
            "endpoint": {
              "uri": ""
            }
          }
        }
      }
    },
    "manifestVersion": "1.0",
    "privacyAndCompliance": {
      "allowsPurchases": false,
      "locales": {
        "de-DE": {}
      },
      "containsAds": true,
      "isExportCompliant": true,
      "isChildDirected": false,
      "usesPersonalInfo": false
    }
  }
}
